{"timestamps": [1517810510.030318], "initial_reset_timestamp": 1517810504.830078, "episode_types": ["t"], "episode_lengths": [4472], "episode_rewards": [8.0]}