{"timestamps": [1517801422.630766], "initial_reset_timestamp": 1517801416.383827, "episode_types": ["t"], "episode_lengths": [5212], "episode_rewards": [-1.0]}