{"timestamps": [1517729338.88173], "initial_reset_timestamp": 1517729333.886963, "episode_types": ["t"], "episode_lengths": [4238], "episode_rewards": [-11.0]}