{"timestamps": [1517754998.989044], "initial_reset_timestamp": 1517754993.228788, "episode_types": ["t"], "episode_lengths": [4887], "episode_rewards": [-5.0]}