{"timestamps": [1517731142.714477], "initial_reset_timestamp": 1517731137.543357, "episode_types": ["t"], "episode_lengths": [4502], "episode_rewards": [-7.0]}