{"timestamps": [1517725952.491397], "initial_reset_timestamp": 1517725945.245102, "episode_types": ["t"], "episode_lengths": [1024], "episode_rewards": [-21.0]}