{"timestamps": [1517732940.513405], "initial_reset_timestamp": 1517732935.667498, "episode_types": ["t"], "episode_lengths": [4274], "episode_rewards": [-11.0]}