{"timestamps": [1517742140.427892], "initial_reset_timestamp": 1517742133.726711, "episode_types": ["t"], "episode_lengths": [5927], "episode_rewards": [5.0]}