{"timestamps": [1517784931.873692], "initial_reset_timestamp": 1517784929.456004, "episode_types": ["t"], "episode_lengths": [2045], "episode_rewards": [-19.0]}