{"timestamps": [1517803260.210022], "initial_reset_timestamp": 1517803255.819527, "episode_types": ["t"], "episode_lengths": [3630], "episode_rewards": [13.0]}