{"timestamps": [1517793989.817535], "initial_reset_timestamp": 1517793983.832217, "episode_types": ["t"], "episode_lengths": [5228], "episode_rewards": [-4.0]}