{"timestamps": [1517736597.912012], "initial_reset_timestamp": 1517736591.990577, "episode_types": ["t"], "episode_lengths": [5020], "episode_rewards": [6.0]}