{"timestamps": [1517805102.498496], "initial_reset_timestamp": 1517805097.835579, "episode_types": ["t"], "episode_lengths": [3897], "episode_rewards": [12.0]}