{"timestamps": [1517762219.751617], "initial_reset_timestamp": 1517762213.457589, "episode_types": ["t"], "episode_lengths": [5445], "episode_rewards": [4.0]}