{"timestamps": [1517814066.48922], "initial_reset_timestamp": 1517814062.489436, "episode_types": ["t"], "episode_lengths": [3355], "episode_rewards": [12.0]}