{"timestamps": [1517817625.531071], "initial_reset_timestamp": 1517817621.810105, "episode_types": ["t"], "episode_lengths": [3055], "episode_rewards": [18.0]}