{"timestamps": [1517751332.389144], "initial_reset_timestamp": 1517751325.395045, "episode_types": ["t"], "episode_lengths": [6150], "episode_rewards": [-2.0]}