{"timestamps": [1517738455.618522], "initial_reset_timestamp": 1517738450.643315, "episode_types": ["t"], "episode_lengths": [4351], "episode_rewards": [-10.0]}