{"timestamps": [1517760468.96792], "initial_reset_timestamp": 1517760464.013998, "episode_types": ["t"], "episode_lengths": [4250], "episode_rewards": [7.0]}