{"timestamps": [1517797707.075644], "initial_reset_timestamp": 1517797701.609377, "episode_types": ["t"], "episode_lengths": [4707], "episode_rewards": [6.0]}