{"timestamps": [1517747654.240819], "initial_reset_timestamp": 1517747648.727526, "episode_types": ["t"], "episode_lengths": [4636], "episode_rewards": [7.0]}