{"timestamps": [1517806920.845556], "initial_reset_timestamp": 1517806914.624712, "episode_types": ["t"], "episode_lengths": [5403], "episode_rewards": [-2.0]}