{"timestamps": [1517799565.268467], "initial_reset_timestamp": 1517799559.047639, "episode_types": ["t"], "episode_lengths": [5343], "episode_rewards": [1.0]}