{"timestamps": [1517758648.09524], "initial_reset_timestamp": 1517758641.290653, "episode_types": ["t"], "episode_lengths": [5850], "episode_rewards": [1.0]}