{"timestamps": [1517743987.400683], "initial_reset_timestamp": 1517743982.732468, "episode_types": ["t"], "episode_lengths": [3862], "episode_rewards": [-6.0]}