{"timestamps": [1517815854.640504], "initial_reset_timestamp": 1517815850.989709, "episode_types": ["t"], "episode_lengths": [2849], "episode_rewards": [17.0]}