{"timestamps": [1517734750.885693], "initial_reset_timestamp": 1517734745.403623, "episode_types": ["t"], "episode_lengths": [4774], "episode_rewards": [-2.0]}