{"timestamps": [1517727578.81214], "initial_reset_timestamp": 1517727575.057151, "episode_types": ["t"], "episode_lengths": [3253], "episode_rewards": [-16.0]}