{"timestamps": [1517812281.05541], "initial_reset_timestamp": 1517812275.624434, "episode_types": ["t"], "episode_lengths": [4517], "episode_rewards": [3.0]}