{"timestamps": [1517753163.630212], "initial_reset_timestamp": 1517753158.215721, "episode_types": ["t"], "episode_lengths": [4677], "episode_rewards": [3.0]}