{"timestamps": [1517786697.192372], "initial_reset_timestamp": 1517786694.27948, "episode_types": ["t"], "episode_lengths": [2491], "episode_rewards": [-14.0]}