{"timestamps": [1517790317.875067], "initial_reset_timestamp": 1517790314.874428, "episode_types": ["t"], "episode_lengths": [2562], "episode_rewards": [-17.0]}