{"timestamps": [1517783296.587183], "initial_reset_timestamp": 1517783294.46389, "episode_types": ["t"], "episode_lengths": [1030], "episode_rewards": [-21.0]}