{"timestamps": [1517795836.963757], "initial_reset_timestamp": 1517795830.750772, "episode_types": ["t"], "episode_lengths": [5408], "episode_rewards": [-6.0]}