{"timestamps": [1517788507.233721], "initial_reset_timestamp": 1517788502.940421, "episode_types": ["t"], "episode_lengths": [3771], "episode_rewards": [-15.0]}