{"timestamps": [1517792152.580038], "initial_reset_timestamp": 1517792147.714104, "episode_types": ["t"], "episode_lengths": [4258], "episode_rewards": [-11.0]}