{"timestamps": [1517745815.641102], "initial_reset_timestamp": 1517745811.078479, "episode_types": ["t"], "episode_lengths": [3926], "episode_rewards": [-11.0]}