{"timestamps": [1517808717.933181], "initial_reset_timestamp": 1517808714.600017, "episode_types": ["t"], "episode_lengths": [2741], "episode_rewards": [14.0]}