{"timestamps": [1517749496.394832], "initial_reset_timestamp": 1517749491.70533, "episode_types": ["t"], "episode_lengths": [4040], "episode_rewards": [7.0]}