{"timestamps": [1517819352.774653], "initial_reset_timestamp": 1517819347.394231, "episode_types": ["t"], "episode_lengths": [4624], "episode_rewards": [9.0]}